{
  "sections": {
    "contact_form": {
      "type": "contact-form",
      "settings": {
        "label": "",
        "title": "Contact",
        "description": "Have a question or want to work together? Drop us a message and we'll get back to you as soon as possible.",
        "enable_description_shuffle": true,
        "text_alignment": "left",
        "full_width": false,
        "color_scheme": "scheme-1"
      }
    },
    "map": {
      "type": "map",
      "blocks": {
        "address": {
          "type": "address",
          "settings": {
            "title": "Address",
            "address": "123 Main Street\nNew York, NY 10001"
          }
        },
        "hours": {
          "type": "hours",
          "settings": {
            "title": "Hours",
            "hours": "Mon - Fri: 9am - 6pm\nSat: 10am - 4pm\nSun: Closed"
          }
        },
        "contact": {
          "type": "contact",
          "settings": {
            "title": "Contact",
            "phone": "(555) 123-4567",
            "email": "hello@example.com"
          }
        }
      },
      "block_order": [
        "address",
        "hours",
        "contact"
      ],
      "settings": {
        "label": "Visit Us",
        "title": "Our Location",
        "header_alignment": "left",
        "location_name": "Our Store",
        "address": "123 Main Street\nNew York, NY 10001",
        "latitude": "40.7128",
        "longitude": "-74.0060",
        "zoom": 14,
        "show_popup": true,
        "map_height": 450,
        "border_radius": 16,
        "marker_color": "#000000",
        "grayscale": false,
        "full_width": false,
        "color_scheme": "scheme-2"
      }
    },
    "faq": {
      "type": "faq",
      "blocks": {
        "faq_1": {
          "type": "faq_item",
          "settings": {
            "question": "How quickly do you respond to inquiries?",
            "answer": "<p>We typically respond within 24 hours during business days.</p>"
          }
        },
        "faq_2": {
          "type": "faq_item",
          "settings": {
            "question": "Do you have a physical store?",
            "answer": "<p>Yes! Our flagship store is located at 123 Main Street, New York.</p>"
          }
        },
        "faq_3": {
          "type": "faq_item",
          "settings": {
            "question": "Can I schedule an appointment?",
            "answer": "<p>Absolutely! Reach out through the contact form to schedule a time.</p>"
          }
        },
        "faq_4": {
          "type": "faq_item",
          "settings": {
            "question": "What are your business hours?",
            "answer": "<p>Monday-Friday 9am-6pm, Saturday 10am-4pm, closed Sunday.</p>"
          }
        }
      },
      "block_order": [
        "faq_1",
        "faq_2",
        "faq_3",
        "faq_4"
      ],
      "settings": {
        "full_width": false,
        "label": "Support",
        "title": "Frequently Asked Questions",
        "description": "Find answers to common questions about our products and services.",
        "header_alignment": "left",
        "color_scheme": "scheme-1"
      }
    },
    "newsletter": {
      "type": "newsletter",
      "settings": {
        "design": "side-by-side",
        "title": "Want product news and updates?",
        "text": "Subscribe to our newsletter for exclusive updates and special offers.",
        "button_text": "Subscribe",
        "privacy_text": "We care about your data. Read our",
        "privacy_link": "",
        "privacy_link_text": "privacy policy",
        "color_scheme": "scheme-2"
      }
    }
  },
  "order": [
    "contact_form",
    "map",
    "faq",
    "newsletter"
  ]
}
