{
  "sections": {
    "main": {
      "type": "product",
      "blocks": {
        "vendor": {
          "type": "vendor",
          "settings": {}
        },
        "title": {
          "type": "title",
          "settings": {}
        },
        "price": {
          "type": "price",
          "settings": {}
        },
        "description": {
          "type": "description",
          "settings": {
            "truncate_length": 200
          }
        },
        "variant_picker": {
          "type": "variant_picker",
          "settings": {
            "picker_type": "button",
            "swatch_shape": "circle"
          }
        },
        "quantity_selector": {
          "type": "quantity_selector",
          "settings": {
            "label": "Quantity"
          }
        },
        "buy_buttons": {
          "type": "buy_buttons",
          "settings": {
            "add_to_cart_text": "",
            "sold_out_text": "",
            "show_dynamic_checkout": true
          }
        },
        "back_in_stock": {
          "type": "back_in_stock",
          "settings": {}
        },
        "delivery_estimator_nMUTTw": {
          "type": "delivery_estimator",
          "settings": {}
        },
        "pickup_availability_PMebQw": {
          "type": "pickup_availability",
          "settings": {}
        },
        "social_proof_grKeeV": {
          "type": "social_proof",
          "settings": {}
        },
        "inventory_countdown_UEM7dq": {
          "type": "inventory_countdown",
          "settings": {
            "threshold": 20,
            "style": "bar",
            "show_exact_count": true,
            "show_icon": true
          }
        },
        "size_chart_fxmkwx": {
          "type": "size_chart",
          "settings": {
            "link_text": "",
            "drawer_heading": "",
            "page": "",
            "content": "",
            "show_always": false
          }
        },
        "social_actions_BATE43": {
          "type": "social_actions",
          "settings": {
            "show_share": true
          }
        }
      },
      "block_order": [
        "vendor",
        "title",
        "price",
        "description",
        "variant_picker",
        "quantity_selector",
        "buy_buttons",
        "back_in_stock",
        "delivery_estimator_nMUTTw",
        "pickup_availability_PMebQw",
        "social_proof_grKeeV",
        "inventory_countdown_UEM7dq",
        "size_chart_fxmkwx",
        "social_actions_BATE43"
      ],
      "settings": {
        "full_width": false,
        "image_fit": "cover",
        "video_loop": false,
        "video_autoplay": false,
        "show_sticky_bar": true
      }
    },
    "features_grid": {
      "type": "features-grid",
      "blocks": {
        "feature_1": {
          "type": "feature",
          "settings": {
            "icon": "package",
            "title": "Premium Quality",
            "text": "Crafted with the finest materials for lasting durability.",
            "link_text": "Learn More",
            "link": ""
          }
        },
        "feature_2": {
          "type": "feature",
          "settings": {
            "icon": "shield-check",
            "title": "2-Year Warranty",
            "text": "Shop with confidence knowing your purchase is protected.",
            "link_text": "Learn More",
            "link": ""
          }
        },
        "feature_3": {
          "type": "feature",
          "settings": {
            "icon": "truck",
            "title": "Free Shipping",
            "text": "Complimentary shipping on all orders over $100.",
            "link_text": "Learn More",
            "link": ""
          }
        }
      },
      "block_order": [
        "feature_1",
        "feature_2",
        "feature_3"
      ],
      "settings": {
        "label": "Why Choose Us",
        "title": "Features That Set Us Apart",
        "description": "Everything you need to create an amazing shopping experience.",
        "header_alignment": "center",
        "layout": "standard",
        "columns": 3,
        "full_width": false,
        "color_scheme": "scheme-3"
      }
    },
    "testimonials": {
      "type": "testimonials",
      "blocks": {
        "testimonial_1": {
          "type": "testimonial",
          "settings": {
            "quote": "Exceeded all my expectations. The quality is immediately apparent.",
            "rating": 5,
            "author": "Michael R.",
            "author_title": "Verified Buyer"
          }
        },
        "testimonial_2": {
          "type": "testimonial",
          "settings": {
            "quote": "Nothing comes close to this level of craftsmanship. Highly recommend!",
            "rating": 5,
            "author": "Sarah L.",
            "author_title": "Repeat Customer"
          }
        },
        "testimonial_3": {
          "type": "testimonial",
          "settings": {
            "quote": "Worth every penny. This is exactly what I was looking for.",
            "rating": 5,
            "author": "David K.",
            "author_title": "Verified Buyer"
          }
        },
        "testimonial_4": {
          "type": "testimonial",
          "settings": {
            "quote": "The attention to detail is remarkable. You can tell they care.",
            "rating": 5,
            "author": "Emily T.",
            "author_title": "First-time Buyer"
          }
        }
      },
      "block_order": [
        "testimonial_1",
        "testimonial_2",
        "testimonial_3",
        "testimonial_4"
      ],
      "settings": {
        "label": "Testimonials",
        "title": "What Our Customers Say",
        "header_alignment": "left",
        "show_rating": true,
        "full_width": false,
        "color_scheme": "scheme-1"
      }
    },
    "faq": {
      "type": "faq",
      "blocks": {
        "faq_1": {
          "type": "faq_item",
          "settings": {
            "question": "What is your return policy?",
            "answer": "<p>We offer a 30-day return policy on all items. Return in original condition for a full refund.</p>"
          }
        },
        "faq_2": {
          "type": "faq_item",
          "settings": {
            "question": "How long does shipping take?",
            "answer": "<p>Standard shipping takes 5-7 business days. Express shipping available for 2-3 day delivery.</p>"
          }
        },
        "faq_3": {
          "type": "faq_item",
          "settings": {
            "question": "Do you offer international shipping?",
            "answer": "<p>Yes, we ship to most countries worldwide. Rates and times vary by location.</p>"
          }
        },
        "faq_4": {
          "type": "faq_item",
          "settings": {
            "question": "Is this product covered by warranty?",
            "answer": "<p>Yes, all products come with a 2-year warranty covering manufacturing defects.</p>"
          }
        }
      },
      "block_order": [
        "faq_1",
        "faq_2",
        "faq_3",
        "faq_4"
      ],
      "settings": {
        "full_width": false,
        "label": "Support",
        "title": "Frequently Asked Questions",
        "description": "Find answers to common questions about our products and services.",
        "header_alignment": "left",
        "color_scheme": "scheme-2"
      }
    },
    "related_products": {
      "type": "related-products",
      "settings": {
        "full_width": false,
        "label": "You may also like",
        "title": "Related Products",
        "header_alignment": "left",
        "products_to_show": 8,
        "color_scheme": "scheme-1"
      }
    }
  },
  "order": [
    "main",
    "features_grid",
    "testimonials",
    "faq",
    "related_products"
  ]
}
