{
  "sections": {
    "hero": {
      "type": "hero",
      "settings": {
        "overlay_opacity": 45,
        "label": "Next Generation",
        "title": "Built for Tomorrow",
        "description": "Cutting-edge products engineered for the modern world.",
        "content_alignment": "left",
        "button_text": "Discover",
        "button_link": "shopify://collections/all",
        "button_style": "solid",
        "button_size": "large",
        "color_scheme": "scheme-1",
        "full_width": true,
        "show_scroll_indicator": true
      }
    },
    "marquee": {
      "type": "marquee",
      "blocks": {
        "text_1": {
          "type": "text",
          "settings": {
            "text": "Innovation",
            "outline": false
          }
        },
        "sep_1": {
          "type": "separator",
          "settings": {
            "style": "icon",
            "icon": "lightning"
          }
        },
        "text_2": {
          "type": "text",
          "settings": {
            "text": "Performance",
            "outline": true
          }
        },
        "sep_2": {
          "type": "separator",
          "settings": {
            "style": "icon",
            "icon": "lightning"
          }
        },
        "text_3": {
          "type": "text",
          "settings": {
            "text": "Precision",
            "outline": false
          }
        },
        "sep_3": {
          "type": "separator",
          "settings": {
            "style": "icon",
            "icon": "lightning"
          }
        }
      },
      "block_order": [
        "text_1",
        "sep_1",
        "text_2",
        "sep_2",
        "text_3",
        "sep_3"
      ],
      "settings": {
        "speed": 35,
        "direction": "left",
        "pause_on_hover": true,
        "color_scheme": "scheme-2"
      }
    },
    "featured_collection": {
      "type": "featured-collection",
      "settings": {
        "collection": "",
        "label": "New Releases",
        "title": "Latest Tech",
        "description": "Our newest innovations, designed to elevate your workflow.",
        "header_alignment": "left",
        "products_to_show": 4,
        "columns": 4,
        "show_vendor": true,
        "show_view_all": true,
        "view_all_text": "View All Products",
        "full_width": false,
        "color_scheme": "scheme-1"
      }
    },
    "features_grid": {
      "type": "features-grid",
      "blocks": {
        "feature_1": {
          "type": "feature",
          "settings": {
            "icon": "cpu",
            "title": "High Performance",
            "text": "Engineered for speed and reliability under any workload.",
            "link_text": "Specs",
            "link": ""
          }
        },
        "feature_2": {
          "type": "feature",
          "settings": {
            "icon": "shield-check",
            "title": "Secure by Design",
            "text": "Enterprise-grade security built into every layer.",
            "link_text": "Learn More",
            "link": ""
          }
        },
        "feature_3": {
          "type": "feature",
          "settings": {
            "icon": "arrows-clockwise",
            "title": "Seamless Sync",
            "text": "Works across all your devices, instantly updated.",
            "link_text": "Integrations",
            "link": ""
          }
        },
        "feature_4": {
          "type": "feature",
          "settings": {
            "icon": "headset",
            "title": "24/7 Support",
            "text": "Expert technical support whenever you need it.",
            "link_text": "Contact",
            "link": ""
          }
        }
      },
      "block_order": [
        "feature_1",
        "feature_2",
        "feature_3",
        "feature_4"
      ],
      "settings": {
        "label": "Why Us",
        "title": "Built Different",
        "description": "Technology that works as hard as you do.",
        "header_alignment": "left",
        "layout": "standard",
        "columns": 4,
        "full_width": false,
        "color_scheme": "scheme-2"
      }
    },
    "rolling_numbers": {
      "type": "rolling-numbers",
      "blocks": {
        "stat_1": {
          "type": "stat",
          "settings": {
            "number": "99.9",
            "prefix": "",
            "suffix": "%",
            "label": "Uptime",
            "description": "Reliability guaranteed"
          }
        },
        "stat_2": {
          "type": "stat",
          "settings": {
            "number": "50",
            "prefix": "<",
            "suffix": "ms",
            "label": "Latency",
            "description": "Lightning fast"
          }
        },
        "stat_3": {
          "type": "stat",
          "settings": {
            "number": "1",
            "prefix": "",
            "suffix": "M+",
            "label": "Users",
            "description": "Worldwide"
          }
        },
        "stat_4": {
          "type": "stat",
          "settings": {
            "number": "24",
            "prefix": "",
            "suffix": "/7",
            "label": "Support",
            "description": "Always available"
          }
        }
      },
      "block_order": [
        "stat_1",
        "stat_2",
        "stat_3",
        "stat_4"
      ],
      "settings": {
        "title": "By The Numbers",
        "subtitle": "Performance metrics that matter",
        "content_alignment": "center",
        "animation_duration": 1200,
        "color_scheme": "scheme-1",
        "full_width": false,
        "show_dividers": true
      }
    },
    "image_with_text": {
      "type": "image-with-text",
      "settings": {
        "image_ratio": "16/9",
        "label": "Our Approach",
        "title": "Engineering Excellence",
        "text": "<p>We obsess over every detail. From the components we source to the algorithms we write, everything is optimized for peak performance. No shortcuts. No compromises.</p>",
        "button_text": "Our Story",
        "button_link": "",
        "layout": "image_right",
        "full_width": true,
        "remove_padding": false,
        "color_scheme": "scheme-2"
      }
    },
    "testimonials": {
      "type": "testimonials",
      "blocks": {
        "testimonial_1": {
          "type": "testimonial",
          "settings": {
            "quote": "The performance is insane. Cut our processing time by 60%. Absolutely worth it.",
            "rating": 5,
            "author": "Marcus T.",
            "author_title": "CTO, TechStart"
          }
        },
        "testimonial_2": {
          "type": "testimonial",
          "settings": {
            "quote": "Finally, a product that matches its specs. The engineering team clearly knows what they're doing.",
            "rating": 5,
            "author": "Priya S.",
            "author_title": "Lead Developer"
          }
        },
        "testimonial_3": {
          "type": "testimonial",
          "settings": {
            "quote": "Best technical support I've experienced. They actually understand the product.",
            "rating": 5,
            "author": "James K.",
            "author_title": "Systems Architect"
          }
        },
        "testimonial_4": {
          "type": "testimonial",
          "settings": {
            "quote": "We've deployed this across our entire infrastructure. Zero regrets.",
            "rating": 5,
            "author": "Elena R.",
            "author_title": "VP Engineering"
          }
        }
      },
      "block_order": [
        "testimonial_1",
        "testimonial_2",
        "testimonial_3",
        "testimonial_4"
      ],
      "settings": {
        "label": "Reviews",
        "title": "What Engineers Say",
        "header_alignment": "left",
        "show_rating": true,
        "full_width": false,
        "color_scheme": "scheme-1"
      }
    },
    "newsletter": {
      "type": "newsletter",
      "settings": {
        "design": "side-by-side",
        "title": "Stay Updated",
        "text": "Get product updates, technical insights, and early access to new releases.",
        "button_text": "Subscribe",
        "privacy_text": "No spam. Read our",
        "privacy_link": "",
        "privacy_link_text": "privacy policy",
        "color_scheme": "scheme-2"
      }
    }
  },
  "order": [
    "hero",
    "marquee",
    "featured_collection",
    "features_grid",
    "rolling_numbers",
    "image_with_text",
    "testimonials",
    "newsletter"
  ]
}
