{
  "sections": {
    "hero": {
      "type": "hero",
      "settings": {
        "overlay_opacity": 35,
        "label": "Rooted in Nature",
        "title": "Live Naturally",
        "description": "Sustainable products crafted with care for you and the planet.",
        "content_alignment": "center",
        "button_text": "Explore",
        "button_link": "shopify://collections/all",
        "button_style": "solid",
        "button_size": "large",
        "color_scheme": "scheme-1",
        "full_width": false,
        "show_scroll_indicator": true
      }
    },
    "features_grid": {
      "type": "features-grid",
      "blocks": {
        "feature_1": {
          "type": "feature",
          "settings": {
            "icon": "leaf",
            "title": "100% Natural",
            "text": "Pure ingredients sourced responsibly from nature.",
            "link_text": "",
            "link": ""
          }
        },
        "feature_2": {
          "type": "feature",
          "settings": {
            "icon": "recycle",
            "title": "Eco Packaging",
            "text": "Plastic-free, compostable, and recyclable materials.",
            "link_text": "",
            "link": ""
          }
        },
        "feature_3": {
          "type": "feature",
          "settings": {
            "icon": "hand-heart",
            "title": "Cruelty Free",
            "text": "Never tested on animals. Certified and verified.",
            "link_text": "",
            "link": ""
          }
        },
        "feature_4": {
          "type": "feature",
          "settings": {
            "icon": "plant",
            "title": "Carbon Neutral",
            "text": "We offset 100% of our carbon footprint.",
            "link_text": "",
            "link": ""
          }
        }
      },
      "block_order": [
        "feature_1",
        "feature_2",
        "feature_3",
        "feature_4"
      ],
      "settings": {
        "label": "Our Promise",
        "title": "Good for You, Good for Earth",
        "description": "",
        "header_alignment": "center",
        "layout": "standard",
        "columns": 4,
        "full_width": false,
        "color_scheme": "scheme-2"
      }
    },
    "featured_collection": {
      "type": "featured-collection",
      "settings": {
        "collection": "",
        "label": "Shop",
        "title": "Seasonal Favorites",
        "description": "Our most-loved products, harvested at peak freshness.",
        "header_alignment": "center",
        "products_to_show": 4,
        "columns": 4,
        "show_vendor": false,
        "show_view_all": true,
        "view_all_text": "Shop All",
        "full_width": false,
        "color_scheme": "scheme-1"
      }
    },
    "image_with_text": {
      "type": "image-with-text",
      "blocks": {
        "stat_1": {
          "type": "stat",
          "settings": {
            "number": "5000+",
            "label": "Trees Planted"
          }
        },
        "stat_2": {
          "type": "stat",
          "settings": {
            "number": "Zero",
            "label": "Waste Goal"
          }
        }
      },
      "block_order": [
        "stat_1",
        "stat_2"
      ],
      "settings": {
        "image_ratio": "4/5",
        "label": "Our Story",
        "title": "From Seed to Shelf",
        "text": "<p>We started with a simple belief: what we put on our bodies and in our homes should be as pure as nature intended. Today, we partner with sustainable farms and ethical producers to bring you products that nourish without compromise.</p>",
        "button_text": "Learn More",
        "button_link": "",
        "layout": "image_left",
        "full_width": false,
        "remove_padding": false,
        "color_scheme": "scheme-2"
      }
    },
    "text_reveal": {
      "type": "text-reveal",
      "settings": {
        "label": "",
        "text": "Nature knows *best*.\nWe just listen.",
        "subtext": "",
        "header_alignment": "center",
        "button_text": "",
        "button_link": "",
        "show_background_number": false,
        "background_number": "",
        "full_width": false,
        "color_scheme": "scheme-3",
        "accent_color": "#7c9a6e"
      }
    },
    "testimonials": {
      "type": "testimonials",
      "blocks": {
        "testimonial_1": {
          "type": "testimonial",
          "settings": {
            "quote": "Finally, products I can feel good about using. My skin has never been happier!",
            "rating": 5,
            "author": "Hannah W.",
            "author_title": "Wellness Advocate"
          }
        },
        "testimonial_2": {
          "type": "testimonial",
          "settings": {
            "quote": "Love that everything is plastic-free. The packaging is beautiful and compostable.",
            "rating": 5,
            "author": "Oliver P.",
            "author_title": "Eco Enthusiast"
          }
        },
        "testimonial_3": {
          "type": "testimonial",
          "settings": {
            "quote": "These products have replaced so many chemical-laden items in my home. Thank you!",
            "rating": 5,
            "author": "Sage M.",
            "author_title": "Natural Living"
          }
        },
        "testimonial_4": {
          "type": "testimonial",
          "settings": {
            "quote": "The quality is incredible. You can tell these are made with real care for the planet.",
            "rating": 5,
            "author": "River J.",
            "author_title": "Conscious Consumer"
          }
        }
      },
      "block_order": [
        "testimonial_1",
        "testimonial_2",
        "testimonial_3",
        "testimonial_4"
      ],
      "settings": {
        "label": "Community",
        "title": "Voices From Our Garden",
        "header_alignment": "center",
        "show_rating": true,
        "full_width": false,
        "color_scheme": "scheme-1"
      }
    },
    "newsletter": {
      "type": "newsletter",
      "settings": {
        "design": "stacked",
        "title": "Join Our Community",
        "text": "Get tips on sustainable living, early access to new products, and exclusive offers.",
        "button_text": "Subscribe",
        "privacy_text": "We respect your inbox. Read our",
        "privacy_link": "",
        "privacy_link_text": "privacy policy",
        "color_scheme": "scheme-2"
      }
    }
  },
  "order": [
    "hero",
    "features_grid",
    "featured_collection",
    "image_with_text",
    "text_reveal",
    "testimonials",
    "newsletter"
  ]
}
