{
  "sections": {
    "hero": {
      "type": "hero",
      "settings": {
        "overlay_opacity": 30,
        "label": "Welcome",
        "title": "Made With Love",
        "description": "Thoughtfully designed products that bring warmth and joy to your everyday moments.",
        "content_alignment": "center",
        "button_text": "Start Shopping",
        "button_link": "shopify://collections/all",
        "button_style": "solid",
        "button_size": "large",
        "color_scheme": "scheme-1",
        "full_width": false,
        "show_scroll_indicator": true
      }
    },
    "logo_marquee": {
      "type": "logo-marquee",
      "blocks": {
        "logo_1": {
          "type": "logo",
          "settings": {
            "text": "Vogue"
          }
        },
        "logo_2": {
          "type": "logo",
          "settings": {
            "text": "Elle"
          }
        },
        "logo_3": {
          "type": "logo",
          "settings": {
            "text": "Harper's"
          }
        },
        "logo_4": {
          "type": "logo",
          "settings": {
            "text": "Glamour"
          }
        },
        "logo_5": {
          "type": "logo",
          "settings": {
            "text": "InStyle"
          }
        }
      },
      "block_order": [
        "logo_1",
        "logo_2",
        "logo_3",
        "logo_4",
        "logo_5"
      ],
      "settings": {
        "label": "As Seen In",
        "speed": 25,
        "direction": "left",
        "pause_on_hover": true,
        "grayscale": true,
        "color_scheme": "scheme-2"
      }
    },
    "featured_collection": {
      "type": "featured-collection",
      "settings": {
        "collection": "",
        "label": "New In",
        "title": "Fresh Favorites",
        "description": "Our latest arrivals, perfect for brightening your day.",
        "header_alignment": "center",
        "products_to_show": 4,
        "columns": 4,
        "show_vendor": false,
        "show_view_all": true,
        "view_all_text": "See More",
        "full_width": false,
        "color_scheme": "scheme-1"
      }
    },
    "image_with_text": {
      "type": "image-with-text",
      "blocks": {
        "stat_1": {
          "type": "stat",
          "settings": {
            "number": "100%",
            "label": "Happiness"
          }
        },
        "stat_2": {
          "type": "stat",
          "settings": {
            "number": "Eco",
            "label": "Friendly"
          }
        }
      },
      "block_order": [
        "stat_1",
        "stat_2"
      ],
      "settings": {
        "image_ratio": "4/5",
        "label": "Our Philosophy",
        "title": "Small Moments Matter",
        "text": "<p>We believe the little things make life beautiful. That's why we pour love into every detail, creating products that spark joy and make your daily routines feel special.</p>",
        "button_text": "About Us",
        "button_link": "",
        "layout": "image_right",
        "full_width": false,
        "remove_padding": false,
        "color_scheme": "scheme-2"
      }
    },
    "features_grid": {
      "type": "features-grid",
      "blocks": {
        "feature_1": {
          "type": "feature",
          "settings": {
            "icon": "heart",
            "title": "Made With Care",
            "text": "Every product is crafted with attention and love.",
            "link_text": "",
            "link": ""
          }
        },
        "feature_2": {
          "type": "feature",
          "settings": {
            "icon": "leaf",
            "title": "Earth Friendly",
            "text": "Sustainable practices from start to finish.",
            "link_text": "",
            "link": ""
          }
        },
        "feature_3": {
          "type": "feature",
          "settings": {
            "icon": "gift",
            "title": "Gift Ready",
            "text": "Beautiful packaging included with every order.",
            "link_text": "",
            "link": ""
          }
        },
        "feature_4": {
          "type": "feature",
          "settings": {
            "icon": "smiley",
            "title": "Happy Customers",
            "text": "Join thousands of satisfied shoppers.",
            "link_text": "",
            "link": ""
          }
        }
      },
      "block_order": [
        "feature_1",
        "feature_2",
        "feature_3",
        "feature_4"
      ],
      "settings": {
        "label": "",
        "title": "Why You'll Love Us",
        "description": "",
        "header_alignment": "center",
        "layout": "standard",
        "columns": 4,
        "full_width": false,
        "color_scheme": "scheme-1"
      }
    },
    "testimonials": {
      "type": "testimonials",
      "blocks": {
        "testimonial_1": {
          "type": "testimonial",
          "settings": {
            "quote": "Everything about this brand makes me smile! The products are adorable and the quality is amazing.",
            "rating": 5,
            "author": "Sophie M.",
            "author_title": "Happy Customer"
          }
        },
        "testimonial_2": {
          "type": "testimonial",
          "settings": {
            "quote": "I bought gifts for my whole family and everyone loved them. Such thoughtful designs!",
            "rating": 5,
            "author": "Emma L.",
            "author_title": "Gift Giver"
          }
        },
        "testimonial_3": {
          "type": "testimonial",
          "settings": {
            "quote": "The cutest shop ever! I keep coming back for more. Fast shipping too!",
            "rating": 5,
            "author": "Lily R.",
            "author_title": "Repeat Buyer"
          }
        },
        "testimonial_4": {
          "type": "testimonial",
          "settings": {
            "quote": "Love supporting a brand that cares about sustainability. Beautiful products!",
            "rating": 5,
            "author": "Maya K.",
            "author_title": "Eco Shopper"
          }
        }
      },
      "block_order": [
        "testimonial_1",
        "testimonial_2",
        "testimonial_3",
        "testimonial_4"
      ],
      "settings": {
        "label": "Love Notes",
        "title": "What People Are Saying",
        "header_alignment": "center",
        "show_rating": true,
        "full_width": false,
        "color_scheme": "scheme-2"
      }
    },
    "newsletter": {
      "type": "newsletter",
      "settings": {
        "design": "side-by-side",
        "title": "Stay in the Loop",
        "text": "Get updates on new arrivals, special offers, and a sprinkle of joy in your inbox.",
        "button_text": "Sign Up",
        "privacy_text": "We respect your privacy. Read our",
        "privacy_link": "",
        "privacy_link_text": "privacy policy",
        "color_scheme": "scheme-1"
      }
    }
  },
  "order": [
    "hero",
    "logo_marquee",
    "featured_collection",
    "image_with_text",
    "features_grid",
    "testimonials",
    "newsletter"
  ]
}
