{
  "sections": {
    "hero": {
      "type": "hero",
      "settings": {
        "overlay_opacity": 60,
        "label": "001",
        "title": "NO COMPROMISE",
        "description": "RAW. HONEST. ESSENTIAL.",
        "content_alignment": "left",
        "button_text": "ENTER",
        "button_link": "shopify://collections/all",
        "button_style": "solid",
        "button_size": "large",
        "color_scheme": "scheme-3",
        "full_width": true,
        "show_scroll_indicator": false
      }
    },
    "marquee": {
      "type": "marquee",
      "blocks": {
        "text_1": {
          "type": "text",
          "settings": {
            "text": "NEW DROP",
            "outline": false
          }
        },
        "sep_1": {
          "type": "separator",
          "settings": {
            "style": "icon",
            "icon": "x"
          }
        },
        "text_2": {
          "type": "text",
          "settings": {
            "text": "LIMITED STOCK",
            "outline": true
          }
        },
        "sep_2": {
          "type": "separator",
          "settings": {
            "style": "icon",
            "icon": "x"
          }
        },
        "text_3": {
          "type": "text",
          "settings": {
            "text": "WORLDWIDE SHIPPING",
            "outline": false
          }
        },
        "sep_3": {
          "type": "separator",
          "settings": {
            "style": "icon",
            "icon": "x"
          }
        }
      },
      "block_order": [
        "text_1",
        "sep_1",
        "text_2",
        "sep_2",
        "text_3",
        "sep_3"
      ],
      "settings": {
        "speed": 40,
        "direction": "left",
        "pause_on_hover": false,
        "color_scheme": "scheme-1"
      }
    },
    "featured_collection": {
      "type": "featured-collection",
      "settings": {
        "collection": "",
        "label": "002",
        "title": "LATEST",
        "description": "",
        "header_alignment": "left",
        "products_to_show": 4,
        "columns": 4,
        "show_vendor": false,
        "show_view_all": true,
        "view_all_text": "VIEW ALL →",
        "full_width": true,
        "color_scheme": "scheme-1"
      }
    },
    "text_reveal": {
      "type": "text-reveal",
      "settings": {
        "label": "003",
        "text": "FUNCTION OVER FORM.\nFORM FOLLOWS *FUNCTION*.",
        "subtext": "We strip away the unnecessary. What remains is pure intention.",
        "header_alignment": "left",
        "button_text": "",
        "button_link": "",
        "show_background_number": true,
        "background_number": "03",
        "full_width": true,
        "color_scheme": "scheme-3",
        "accent_color": "#ffff00"
      }
    },
    "rolling_numbers": {
      "type": "rolling-numbers",
      "blocks": {
        "stat_1": {
          "type": "stat",
          "settings": {
            "number": "2019",
            "prefix": "",
            "suffix": "",
            "label": "FOUNDED",
            "description": ""
          }
        },
        "stat_2": {
          "type": "stat",
          "settings": {
            "number": "47",
            "prefix": "",
            "suffix": "",
            "label": "COUNTRIES",
            "description": ""
          }
        },
        "stat_3": {
          "type": "stat",
          "settings": {
            "number": "100",
            "prefix": "",
            "suffix": "%",
            "label": "AUTHENTIC",
            "description": ""
          }
        },
        "stat_4": {
          "type": "stat",
          "settings": {
            "number": "0",
            "prefix": "",
            "suffix": "",
            "label": "COMPROMISES",
            "description": ""
          }
        }
      },
      "block_order": [
        "stat_1",
        "stat_2",
        "stat_3",
        "stat_4"
      ],
      "settings": {
        "title": "",
        "subtitle": "",
        "content_alignment": "left",
        "animation_duration": 1000,
        "color_scheme": "scheme-1",
        "full_width": true,
        "show_dividers": false
      }
    },
    "image_with_text": {
      "type": "image-with-text",
      "settings": {
        "image_ratio": "1/1",
        "label": "004",
        "title": "THE PROCESS",
        "text": "<p>Every piece is designed with purpose. No decoration for decoration's sake. No trends. Just honest products that do what they're meant to do.</p>",
        "button_text": "READ MORE",
        "button_link": "",
        "layout": "image_left",
        "full_width": true,
        "remove_padding": true,
        "color_scheme": "scheme-2"
      }
    },
    "banner": {
      "type": "banner",
      "settings": {
        "text": "FREE SHIPPING ON ORDERS OVER $100",
        "link": "",
        "link_text": "",
        "color_scheme": "scheme-3"
      }
    }
  },
  "order": [
    "hero",
    "marquee",
    "featured_collection",
    "text_reveal",
    "rolling_numbers",
    "image_with_text",
    "banner"
  ]
}
