{
  "sections": {
    "text_reveal": {
      "type": "text-reveal",
      "settings": {
        "label": "001",
        "text": "WE DON'T FOLLOW *TRENDS*.\nWE MAKE *PRODUCTS*.",
        "subtext": "No bullshit. No gimmicks. Just honest goods that work.",
        "header_alignment": "left",
        "button_text": "",
        "button_link": "",
        "show_background_number": true,
        "background_number": "01",
        "full_width": true,
        "color_scheme": "scheme-3",
        "accent_color": "#ffff00"
      }
    },
    "rolling_numbers": {
      "type": "rolling-numbers",
      "blocks": {
        "stat_1": {
          "type": "stat",
          "settings": {
            "number": "2019",
            "prefix": "",
            "suffix": "",
            "label": "FOUNDED",
            "description": ""
          }
        },
        "stat_2": {
          "type": "stat",
          "settings": {
            "number": "47",
            "prefix": "",
            "suffix": "",
            "label": "COUNTRIES",
            "description": ""
          }
        },
        "stat_3": {
          "type": "stat",
          "settings": {
            "number": "0",
            "prefix": "",
            "suffix": "",
            "label": "COMPROMISES",
            "description": ""
          }
        },
        "stat_4": {
          "type": "stat",
          "settings": {
            "number": "100",
            "prefix": "",
            "suffix": "%",
            "label": "AUTHENTIC",
            "description": ""
          }
        }
      },
      "block_order": [
        "stat_1",
        "stat_2",
        "stat_3",
        "stat_4"
      ],
      "settings": {
        "title": "",
        "subtitle": "",
        "content_alignment": "left",
        "animation_duration": 1000,
        "color_scheme": "scheme-1",
        "full_width": true,
        "show_dividers": false
      }
    },
    "image_with_text": {
      "type": "image-with-text",
      "settings": {
        "image_ratio": "1/1",
        "label": "002",
        "title": "THE MANIFESTO",
        "text": "<p>We started because we were tired of overpriced, overdesigned garbage. We make things that work. Things that last. Things you'll actually use. If that sounds good to you, welcome. If not, there's plenty of other options out there.</p>",
        "button_text": "SEE PRODUCTS",
        "button_link": "shopify://collections/all",
        "layout": "image_left",
        "full_width": true,
        "remove_padding": true,
        "color_scheme": "scheme-2"
      }
    },
    "timeline": {
      "type": "timeline",
      "blocks": {
        "milestone_1": {
          "type": "milestone",
          "settings": {
            "year": "2019",
            "title": "DAY ONE",
            "text": "Launched with three products and zero marketing budget."
          }
        },
        "milestone_2": {
          "type": "milestone",
          "settings": {
            "year": "2020",
            "title": "WORD SPREADS",
            "text": "People started talking. We listened and kept making."
          }
        },
        "milestone_3": {
          "type": "milestone",
          "settings": {
            "year": "2022",
            "title": "GLOBAL",
            "text": "Now shipping to 47 countries. Same quality. Same standards."
          }
        },
        "milestone_4": {
          "type": "milestone",
          "settings": {
            "year": "NOW",
            "title": "STILL HERE",
            "text": "Still making. Still improving. Still no compromises."
          }
        }
      },
      "block_order": [
        "milestone_1",
        "milestone_2",
        "milestone_3",
        "milestone_4"
      ],
      "settings": {
        "label": "003",
        "title": "THE TIMELINE",
        "header_alignment": "left",
        "card_radius": 0,
        "full_width": true,
        "color_scheme": "scheme-1",
        "accent_color": "#0000ff"
      }
    },
    "features_grid": {
      "type": "features-grid",
      "blocks": {
        "feature_1": {
          "type": "feature",
          "settings": {
            "icon": "check",
            "title": "HONEST MATERIALS",
            "text": "We tell you exactly what's in it. No mystery ingredients.",
            "link_text": "",
            "link": ""
          }
        },
        "feature_2": {
          "type": "feature",
          "settings": {
            "icon": "check",
            "title": "FAIR PRICING",
            "text": "No markup for marketing fluff. You pay for the product.",
            "link_text": "",
            "link": ""
          }
        },
        "feature_3": {
          "type": "feature",
          "settings": {
            "icon": "check",
            "title": "BUILT TO LAST",
            "text": "We'd rather you buy once than buy again.",
            "link_text": "",
            "link": ""
          }
        },
        "feature_4": {
          "type": "feature",
          "settings": {
            "icon": "check",
            "title": "NO BS GUARANTEE",
            "text": "Don't like it? Send it back. No questions.",
            "link_text": "",
            "link": ""
          }
        }
      },
      "block_order": [
        "feature_1",
        "feature_2",
        "feature_3",
        "feature_4"
      ],
      "settings": {
        "label": "004",
        "title": "WHAT WE STAND FOR",
        "description": "",
        "header_alignment": "left",
        "layout": "standard",
        "columns": 4,
        "full_width": true,
        "color_scheme": "scheme-2"
      }
    },
    "banner": {
      "type": "banner",
      "settings": {
        "text": "QUESTIONS? → CONTACT@EXAMPLE.COM",
        "link": "",
        "link_text": "",
        "color_scheme": "scheme-3"
      }
    }
  },
  "order": [
    "text_reveal",
    "rolling_numbers",
    "image_with_text",
    "timeline",
    "features_grid",
    "banner"
  ]
}
