{
  "name": "Header",
  "type": "header",
  "sections": {
    "header": {
      "type": "header",
      "blocks": {
        "mega_menu_XddmDW": {
          "type": "mega_menu",
          "disabled": true,
          "settings": {
            "menu_item": "theme-sections",
            "full_width": false,
            "animation": "fade-slide",
            "show_featured": true,
            "featured_heading": "Featured",
            "featured_collection": "frontpage",
            "featured_limit": 5,
            "promo_image": "",
            "promo_heading": "Check this out!",
            "promo_text": "Hello",
            "promo_link": ""
          }
        },
        "announcement-1": {
          "type": "announcement",
          "settings": {
            "text": "Free shipping on orders over $100",
            "link": "",
            "icon": "truck",
            "show_countdown": false,
            "countdown_date": ""
          }
        },
        "announcement-2": {
          "type": "announcement",
          "settings": {
            "text": "Use code SAVE20 for 20% off",
            "link": "",
            "icon": "tag",
            "show_countdown": false,
            "countdown_date": ""
          }
        }
      },
      "block_order": [
        "mega_menu_XddmDW",
        "announcement-1",
        "announcement-2"
      ],
      "settings": {
        "full_width": false,
        "menu": "main-menu",
        "header_layout": "logo_left",
        "nav_position": "center",
        "show_search": true,
        "search_type": "drawer",
        "show_wishlist": true,
        "show_cart": true,
        "mobile_menu_style": "accordion",
        "sticky_header": true,
        "hide_on_scroll": true,
        "transparent_home": false,
        "transparent_text_color": "#ffffff",
        "show_announcement_bar": true,
        "announcement_color_scheme": "",
        "announcement_height": 40,
        "announcement_rotation": 5,
        "announcement_arrows": false,
        "announcement_dismissible": true
      }
    }
  },
  "order": [
    "header"
  ]
}
