{
  "sections": {
    "hero": {
      "type": "hero",
      "settings": {
        "overlay_opacity": 40,
        "label": "",
        "title": "Elevate Your Style",
        "description": "Discover our curated collection of premium products designed for the modern lifestyle.",
        "content_alignment": "left",
        "button_text": "Shop Now",
        "button_link": "shopify://collections/all",
        "button_style": "solid",
        "button_size": "large",
        "color_scheme": "scheme-3",
        "full_width": false,
        "show_scroll_indicator": true
      }
    },
    "marquee": {
      "type": "marquee",
      "blocks": {
        "text_1": {
          "type": "text",
          "settings": {
            "text": "Free Shipping",
            "outline": false
          }
        },
        "sep_1": {
          "type": "separator",
          "settings": {
            "style": "icon",
            "icon": "star-four"
          }
        },
        "text_2": {
          "type": "text",
          "settings": {
            "text": "New Arrivals",
            "outline": true
          }
        },
        "sep_2": {
          "type": "separator",
          "settings": {
            "style": "icon",
            "icon": "star-four"
          }
        },
        "text_3": {
          "type": "text",
          "settings": {
            "text": "Limited Edition",
            "outline": false
          }
        },
        "sep_3": {
          "type": "separator",
          "settings": {
            "style": "icon",
            "icon": "star-four"
          }
        }
      },
      "block_order": [
        "text_1",
        "sep_1",
        "text_2",
        "sep_2",
        "text_3",
        "sep_3"
      ],
      "settings": {
        "speed": 30,
        "direction": "left",
        "pause_on_hover": true,
        "color_scheme": "scheme-3"
      }
    },
    "featured_collection": {
      "type": "featured-collection",
      "settings": {
        "collection": "",
        "label": "New In",
        "title": "New Arrivals",
        "description": "Check out our latest products, fresh from the studio.",
        "header_alignment": "left",
        "products_to_show": 4,
        "columns": 4,
        "show_vendor": false,
        "show_view_all": true,
        "view_all_text": "View All",
        "full_width": false,
        "color_scheme": "scheme-1"
      }
    },
    "image_with_text": {
      "type": "image-with-text",
      "blocks": {
        "stat_1": {
          "type": "stat",
          "settings": {
            "number": "10+",
            "label": "Years"
          }
        },
        "stat_2": {
          "type": "stat",
          "settings": {
            "number": "50K",
            "label": "Customers"
          }
        }
      },
      "block_order": [
        "stat_1",
        "stat_2"
      ],
      "settings": {
        "image_ratio": "4/5",
        "label": "Our Story",
        "title": "Crafted With Purpose",
        "text": "<p>We believe in creating products that stand the test of time. Each piece is thoughtfully designed and meticulously crafted using the finest materials and traditional techniques.</p>",
        "button_text": "Learn More",
        "button_link": "",
        "layout": "image_left",
        "full_width": true,
        "remove_padding": false,
        "color_scheme": "scheme-1"
      }
    },
    "featured_collection_2": {
      "type": "featured-collection",
      "settings": {
        "collection": "",
        "label": "Popular",
        "title": "Best Sellers",
        "description": "Our most loved products, chosen by customers like you.",
        "header_alignment": "left",
        "products_to_show": 4,
        "columns": 4,
        "show_vendor": false,
        "show_view_all": true,
        "view_all_text": "View All",
        "full_width": false,
        "color_scheme": "scheme-2"
      }
    },
    "rolling_numbers": {
      "type": "rolling-numbers",
      "blocks": {
        "stat_1": {
          "type": "stat",
          "settings": {
            "number": "10",
            "prefix": "",
            "suffix": "+",
            "label": "Years",
            "description": "Of excellence"
          }
        },
        "stat_2": {
          "type": "stat",
          "settings": {
            "number": "50",
            "prefix": "",
            "suffix": "K+",
            "label": "Customers",
            "description": "Worldwide"
          }
        },
        "stat_3": {
          "type": "stat",
          "settings": {
            "number": "98",
            "prefix": "",
            "suffix": "%",
            "label": "Satisfaction",
            "description": "Happy customers"
          }
        },
        "stat_4": {
          "type": "stat",
          "settings": {
            "number": "150",
            "prefix": "",
            "suffix": "+",
            "label": "Countries",
            "description": "We ship to"
          }
        }
      },
      "block_order": [
        "stat_1",
        "stat_2",
        "stat_3",
        "stat_4"
      ],
      "settings": {
        "title": "By the Numbers",
        "subtitle": "",
        "content_alignment": "center",
        "animation_duration": 1500,
        "color_scheme": "scheme-3",
        "full_width": false,
        "show_dividers": true
      }
    },
    "testimonials": {
      "type": "testimonials",
      "blocks": {
        "testimonial_1": {
          "type": "testimonial",
          "settings": {
            "quote": "Absolutely love my purchase! The quality is incredible and it arrived faster than expected.",
            "rating": 5,
            "author": "Sarah J.",
            "author_title": "Verified Buyer"
          }
        },
        "testimonial_2": {
          "type": "testimonial",
          "settings": {
            "quote": "Best customer service I've ever experienced. They went above and beyond.",
            "rating": 5,
            "author": "Michael C.",
            "author_title": "Loyal Customer"
          }
        },
        "testimonial_3": {
          "type": "testimonial",
          "settings": {
            "quote": "The attention to detail is remarkable. You can tell they really care.",
            "rating": 5,
            "author": "Emily D.",
            "author_title": "Repeat Customer"
          }
        },
        "testimonial_4": {
          "type": "testimonial",
          "settings": {
            "quote": "Worth every penny. This exceeded all my expectations.",
            "rating": 5,
            "author": "David W.",
            "author_title": "First-time Buyer"
          }
        }
      },
      "block_order": [
        "testimonial_1",
        "testimonial_2",
        "testimonial_3",
        "testimonial_4"
      ],
      "settings": {
        "label": "Testimonials",
        "title": "What Our Customers Say",
        "header_alignment": "left",
        "show_rating": true,
        "full_width": false,
        "color_scheme": "scheme-1"
      }
    },
    "newsletter": {
      "type": "newsletter",
      "settings": {
        "design": "side-by-side",
        "title": "Stay in the Loop",
        "text": "Subscribe to our newsletter for exclusive updates, new arrivals, and special offers.",
        "button_text": "Subscribe",
        "privacy_text": "We care about your data. Read our",
        "privacy_link": "",
        "privacy_link_text": "privacy policy",
        "color_scheme": "scheme-2"
      }
    }
  },
  "order": [
    "hero",
    "marquee",
    "featured_collection",
    "image_with_text",
    "featured_collection_2",
    "rolling_numbers",
    "testimonials",
    "newsletter"
  ]
}
