{
  "current": {
    "logo_width": 120,
    "logo_width_mobile": 100,
    "color_sale": "#dc2626",
    "type_body_font": "inter_n4",
    "type_header_font": "inter_n6",
    "body_scale": 100,
    "heading_scale": 100,
    "headings_uppercase": true,
    "page_width": 1280,
    "page_vertical_padding": 80,
    "section_vertical_padding": 80,
    "enable_smooth_scroll": true,
    "enable_page_transitions": true,
    "page_transition_style": "slide",
    "enable_animations": true,
    "animation_trigger_offset": "md",
    "button_radius": 0,
    "button_border_width": 1,
    "button_shadow": "none",
    "input_radius": 0,
    "input_border_width": 1,
    "card_radius": 0,
    "card_border_width": 0,
    "card_shadow": "none",
    "product_card_image_ratio": "portrait",
    "show_vendor": true,
    "enable_quick_view": true,
    "enable_compare": true,
    "show_sale_badge": true,
    "sale_badge_style": "percentage",
    "social_instagram_link": "#",
    "social_facebook_link": "#",
    "social_twitter_link": "#",
    "social_tiktok_link": "#",
    "social_youtube_link": "#",
    "social_pinterest_link": "#",
    "cart_type": "drawer",
    "free_shipping_threshold": "100",
    "show_social_proof": true,
    "social_proof_type": "both",
    "popup_enabled": true,
    "popup_trigger": "exit",
    "popup_image": "",
    "popup_show_discount": true,
    "popup_layout": "side_image",
    "popup_size": "medium",
    "content_for_index": [],
    "color_schemes": {
      "scheme-1": {
        "settings": {
          "background": "#ffffff",
          "background_gradient": "",
          "text": "#111827",
          "text_secondary": "#6b7280",
          "primary": "#4f46e5",
          "primary_contrast": "#ffffff",
          "border": "#e5e7eb"
        }
      },
      "scheme-2": {
        "settings": {
          "background": "#f9fafb",
          "background_gradient": "",
          "text": "#111827",
          "text_secondary": "#6b7280",
          "primary": "#4f46e5",
          "primary_contrast": "#ffffff",
          "border": "#e5e7eb"
        }
      },
      "scheme-3": {
        "settings": {
          "background": "#111827",
          "background_gradient": "linear-gradient(145deg, #111827 0%, #1e1b4b 50%, #111827 100%)",
          "text": "#f9fafb",
          "text_secondary": "#9ca3af",
          "primary": "#818cf8",
          "primary_contrast": "#111827",
          "border": "#374151"
        }
      }
    }
  },
  "presets": {
    "Default": {
      "color_schemes": {
        "scheme-1": {
          "settings": {
            "background": "#ffffff",
            "background_gradient": "",
            "text": "#111827",
            "text_secondary": "#6b7280",
            "primary": "#4f46e5",
            "primary_contrast": "#ffffff",
            "border": "#e5e7eb"
          }
        },
        "scheme-2": {
          "settings": {
            "background": "#f9fafb",
            "background_gradient": "",
            "text": "#111827",
            "text_secondary": "#6b7280",
            "primary": "#4f46e5",
            "primary_contrast": "#ffffff",
            "border": "#e5e7eb"
          }
        },
        "scheme-3": {
          "settings": {
            "background": "#111827",
            "background_gradient": "linear-gradient(145deg, #111827 0%, #1e1b4b 50%, #111827 100%)",
            "text": "#f9fafb",
            "text_secondary": "#9ca3af",
            "primary": "#818cf8",
            "primary_contrast": "#111827",
            "border": "#374151"
          }
        }
      },
      "color_sale": "#dc2626",
      "type_body_font": "inter_n4",
      "type_header_font": "inter_n6",
      "body_scale": 100,
      "heading_scale": 100,
      "page_width": 1280,
      "page_vertical_padding": 80,
      "button_radius": 0,
      "button_border_width": 1,
      "button_shadow": "none",
      "card_radius": 0,
      "card_border_width": 0,
      "card_shadow": "none",
      "input_radius": 0,
      "input_border_width": 1,
      "logo_width": 120,
      "cart_type": "drawer"
    },
    "Bold": {
      "color_schemes": {
        "scheme-1": {
          "settings": {
            "background": "#ffffff",
            "background_gradient": "",
            "text": "#0a0a0a",
            "text_secondary": "#525252",
            "primary": "#0a0a0a",
            "primary_contrast": "#ffffff",
            "border": "#e5e5e5"
          }
        },
        "scheme-2": {
          "settings": {
            "background": "#f5f5f5",
            "background_gradient": "",
            "text": "#0a0a0a",
            "text_secondary": "#525252",
            "primary": "#0a0a0a",
            "primary_contrast": "#ffffff",
            "border": "#d4d4d4"
          }
        },
        "scheme-3": {
          "settings": {
            "background": "#0a0a0a",
            "background_gradient": "",
            "text": "#ffffff",
            "text_secondary": "#a3a3a3",
            "primary": "#ffffff",
            "primary_contrast": "#0a0a0a",
            "border": "#262626"
          }
        }
      },
      "color_sale": "#ef4444",
      "type_body_font": "inter_n4",
      "type_header_font": "archivo_black_n4",
      "body_scale": 100,
      "heading_scale": 115,
      "page_width": 1320,
      "page_vertical_padding": 60,
      "button_radius": 0,
      "button_border_width": 2,
      "button_shadow": "none",
      "card_radius": 0,
      "card_border_width": 0,
      "card_shadow": "none",
      "input_radius": 0,
      "input_border_width": 2,
      "logo_width": 140,
      "cart_type": "drawer"
    },
    "Noir": {
      "color_schemes": {
        "scheme-1": {
          "settings": {
            "background": "#0f0f0f",
            "background_gradient": "linear-gradient(145deg, #0f0f0f 0%, #1a1510 50%, #0f0f0f 100%)",
            "text": "#f5f5f5",
            "text_secondary": "#a0a0a0",
            "primary": "#c9a961",
            "primary_contrast": "#0f0f0f",
            "border": "#2a2a2a"
          }
        },
        "scheme-2": {
          "settings": {
            "background": "#1a1a1a",
            "background_gradient": "",
            "text": "#f5f5f5",
            "text_secondary": "#a0a0a0",
            "primary": "#c9a961",
            "primary_contrast": "#0f0f0f",
            "border": "#2a2a2a"
          }
        },
        "scheme-3": {
          "settings": {
            "background": "#f5f5f5",
            "background_gradient": "",
            "text": "#0f0f0f",
            "text_secondary": "#5a5a5a",
            "primary": "#c9a961",
            "primary_contrast": "#0f0f0f",
            "border": "#d0d0d0"
          }
        }
      },
      "color_sale": "#c9a961",
      "type_body_font": "tenor_sans_n4",
      "type_header_font": "playfair_display_n4",
      "body_scale": 100,
      "heading_scale": 110,
      "page_width": 1400,
      "page_vertical_padding": 120,
      "button_radius": 0,
      "button_border_width": 1,
      "button_shadow": "none",
      "card_radius": 0,
      "card_border_width": 1,
      "card_shadow": "none",
      "input_radius": 0,
      "input_border_width": 1,
      "logo_width": 140,
      "cart_type": "drawer"
    },
    "Sleek": {
      "color_schemes": {
        "scheme-1": {
          "settings": {
            "background": "#ffffff",
            "background_gradient": "",
            "text": "#171717",
            "text_secondary": "#737373",
            "primary": "#171717",
            "primary_contrast": "#ffffff",
            "border": "#e5e5e5"
          }
        },
        "scheme-2": {
          "settings": {
            "background": "#fafafa",
            "background_gradient": "",
            "text": "#171717",
            "text_secondary": "#737373",
            "primary": "#171717",
            "primary_contrast": "#ffffff",
            "border": "#e5e5e5"
          }
        },
        "scheme-3": {
          "settings": {
            "background": "#171717",
            "background_gradient": "",
            "text": "#fafafa",
            "text_secondary": "#a3a3a3",
            "primary": "#fafafa",
            "primary_contrast": "#171717",
            "border": "#404040"
          }
        }
      },
      "color_sale": "#dc2626",
      "type_body_font": "inter_n4",
      "type_header_font": "inter_n6",
      "body_scale": 100,
      "heading_scale": 100,
      "page_width": 1280,
      "page_vertical_padding": 100,
      "button_radius": 4,
      "button_border_width": 0,
      "button_shadow": "none",
      "card_radius": 8,
      "card_border_width": 0,
      "card_shadow": "sm",
      "input_radius": 4,
      "input_border_width": 1,
      "logo_width": 100,
      "cart_type": "drawer"
    },
    "Edge": {
      "color_schemes": {
        "scheme-1": {
          "settings": {
            "background": "#ffffff",
            "background_gradient": "",
            "text": "#18181b",
            "text_secondary": "#52525b",
            "primary": "#2563eb",
            "primary_contrast": "#ffffff",
            "border": "#e4e4e7"
          }
        },
        "scheme-2": {
          "settings": {
            "background": "#f4f4f5",
            "background_gradient": "",
            "text": "#18181b",
            "text_secondary": "#52525b",
            "primary": "#2563eb",
            "primary_contrast": "#ffffff",
            "border": "#d4d4d8"
          }
        },
        "scheme-3": {
          "settings": {
            "background": "#18181b",
            "background_gradient": "linear-gradient(145deg, #18181b 0%, #1e293b 50%, #18181b 100%)",
            "text": "#fafafa",
            "text_secondary": "#a1a1aa",
            "primary": "#3b82f6",
            "primary_contrast": "#ffffff",
            "border": "#3f3f46"
          }
        }
      },
      "color_sale": "#ef4444",
      "type_body_font": "source_sans_pro_n4",
      "type_header_font": "oswald_n6",
      "body_scale": 100,
      "heading_scale": 110,
      "page_width": 1400,
      "page_vertical_padding": 60,
      "button_radius": 4,
      "button_border_width": 0,
      "button_shadow": "none",
      "card_radius": 4,
      "card_border_width": 0,
      "card_shadow": "none",
      "input_radius": 4,
      "input_border_width": 1,
      "logo_width": 150,
      "cart_type": "drawer"
    },
    "Glow": {
      "color_schemes": {
        "scheme-1": {
          "settings": {
            "background": "#fdfcfb",
            "background_gradient": "",
            "text": "#1c1917",
            "text_secondary": "#78716c",
            "primary": "#d4a5a5",
            "primary_contrast": "#1c1917",
            "border": "#e7e5e4"
          }
        },
        "scheme-2": {
          "settings": {
            "background": "#f5f5f4",
            "background_gradient": "",
            "text": "#1c1917",
            "text_secondary": "#78716c",
            "primary": "#d4a5a5",
            "primary_contrast": "#1c1917",
            "border": "#e7e5e4"
          }
        },
        "scheme-3": {
          "settings": {
            "background": "#1c1917",
            "background_gradient": "linear-gradient(145deg, #1c1917 0%, #292524 50%, #1c1917 100%)",
            "text": "#fafaf9",
            "text_secondary": "#a8a29e",
            "primary": "#e8c4c4",
            "primary_contrast": "#1c1917",
            "border": "#44403c"
          }
        }
      },
      "color_sale": "#dc2626",
      "type_body_font": "nunito_sans_n4",
      "type_header_font": "cormorant_n5",
      "body_scale": 100,
      "heading_scale": 105,
      "page_width": 1200,
      "page_vertical_padding": 100,
      "button_radius": 24,
      "button_border_width": 0,
      "button_shadow": "sm",
      "card_radius": 16,
      "card_border_width": 0,
      "card_shadow": "sm",
      "input_radius": 8,
      "input_border_width": 1,
      "logo_width": 120,
      "cart_type": "drawer"
    }
  }
}
