{
  "current": {
    "logo_width": 120,
    "logo_width_mobile": 100,
    "color_sale": "#dc2626",
    "type_body_font": "inter_n4",
    "type_header_font": "inter_n6",
    "body_scale": 100,
    "heading_scale": 100,
    "headings_uppercase": true,
    "page_width": 1280,
    "page_vertical_padding": 80,
    "section_vertical_padding": 80,
    "enable_smooth_scroll": true,
    "enable_page_transitions": true,
    "page_transition_style": "slide",
    "enable_animations": true,
    "animation_trigger_offset": "md",
    "button_radius": 0,
    "button_border_width": 1,
    "button_shadow": "none",
    "input_radius": 0,
    "input_border_width": 1,
    "card_radius": 0,
    "card_border_width": 0,
    "card_shadow": "none",
    "product_card_image_ratio": "portrait",
    "show_vendor": true,
    "enable_quick_view": true,
    "enable_compare": true,
    "show_sale_badge": true,
    "sale_badge_style": "percentage",
    "social_instagram_link": "#",
    "social_facebook_link": "#",
    "social_twitter_link": "#",
    "social_tiktok_link": "#",
    "social_youtube_link": "#",
    "social_pinterest_link": "#",
    "cart_type": "drawer",
    "free_shipping_threshold": "100",
    "show_social_proof": true,
    "social_proof_type": "both",
    "popup_enabled": true,
    "popup_trigger": "exit",
    "popup_image": "",
    "popup_show_discount": true,
    "popup_layout": "side_image",
    "popup_size": "medium",
    "content_for_index": [],
    "color_schemes": {
      "scheme-1": {
        "settings": {
          "background": "#ffffff",
          "background_gradient": "",
          "text": "#111827",
          "text_secondary": "#6b7280",
          "primary": "#4f46e5",
          "primary_contrast": "#ffffff",
          "border": "#e5e7eb"
        }
      },
      "scheme-2": {
        "settings": {
          "background": "#f9fafb",
          "background_gradient": "",
          "text": "#111827",
          "text_secondary": "#6b7280",
          "primary": "#4f46e5",
          "primary_contrast": "#ffffff",
          "border": "#e5e7eb"
        }
      },
      "scheme-3": {
        "settings": {
          "background": "#111827",
          "background_gradient": "linear-gradient(145deg, #111827 0%, #1e1b4b 50%, #111827 100%)",
          "text": "#f9fafb",
          "text_secondary": "#9ca3af",
          "primary": "#818cf8",
          "primary_contrast": "#111827",
          "border": "#374151"
        }
      }
    }
  },
  "presets": {
    "Default": {
      "color_schemes": {
        "scheme-1": {
          "settings": {
            "background": "#ffffff",
            "background_gradient": "",
            "text": "#111827",
            "text_secondary": "#6b7280",
            "primary": "#4f46e5",
            "primary_contrast": "#ffffff",
            "border": "#e5e7eb"
          }
        },
        "scheme-2": {
          "settings": {
            "background": "#f9fafb",
            "background_gradient": "",
            "text": "#111827",
            "text_secondary": "#6b7280",
            "primary": "#4f46e5",
            "primary_contrast": "#ffffff",
            "border": "#e5e7eb"
          }
        },
        "scheme-3": {
          "settings": {
            "background": "#111827",
            "background_gradient": "linear-gradient(145deg, #111827 0%, #1e1b4b 50%, #111827 100%)",
            "text": "#f9fafb",
            "text_secondary": "#9ca3af",
            "primary": "#818cf8",
            "primary_contrast": "#111827",
            "border": "#374151"
          }
        }
      },
      "color_sale": "#dc2626",
      "type_body_font": "inter_n4",
      "type_header_font": "inter_n6",
      "body_scale": 100,
      "heading_scale": 100,
      "page_width": 1280,
      "page_vertical_padding": 80,
      "button_radius": 0,
      "button_border_width": 1,
      "button_shadow": "none",
      "card_radius": 0,
      "card_border_width": 0,
      "card_shadow": "none",
      "input_radius": 0,
      "input_border_width": 1,
      "logo_width": 120,
      "cart_type": "drawer"
    },
    "Soft": {
      "color_schemes": {
        "scheme-1": {
          "settings": {
            "background": "#faf7f5",
            "background_gradient": "",
            "text": "#3d3d3d",
            "text_secondary": "#737373",
            "primary": "#e8a4b8",
            "primary_contrast": "#ffffff",
            "border": "#e8e0db"
          }
        },
        "scheme-2": {
          "settings": {
            "background": "#f5f0ed",
            "background_gradient": "",
            "text": "#3d3d3d",
            "text_secondary": "#737373",
            "primary": "#e8a4b8",
            "primary_contrast": "#ffffff",
            "border": "#e8e0db"
          }
        },
        "scheme-3": {
          "settings": {
            "background": "#3d3d3d",
            "background_gradient": "linear-gradient(145deg, #3d3d3d 0%, #4a3f4a 50%, #3d3d3d 100%)",
            "text": "#faf7f5",
            "text_secondary": "#c0b8b2",
            "primary": "#e8a4b8",
            "primary_contrast": "#3d3d3d",
            "border": "#5a5a5a"
          }
        }
      },
      "color_sale": "#e57373",
      "type_body_font": "nunito_sans_n4",
      "type_header_font": "poppins_n5",
      "body_scale": 100,
      "heading_scale": 100,
      "page_width": 1200,
      "page_vertical_padding": 80,
      "button_radius": 40,
      "button_border_width": 0,
      "button_shadow": "sm",
      "card_radius": 24,
      "card_border_width": 0,
      "card_shadow": "sm",
      "input_radius": 12,
      "input_border_width": 1,
      "logo_width": 120,
      "cart_type": "drawer"
    },
    "Luxury": {
      "color_schemes": {
        "scheme-1": {
          "settings": {
            "background": "#0f0f0f",
            "background_gradient": "linear-gradient(145deg, #0f0f0f 0%, #1a1510 50%, #0f0f0f 100%)",
            "text": "#f5f5f5",
            "text_secondary": "#a0a0a0",
            "primary": "#c9a961",
            "primary_contrast": "#0f0f0f",
            "border": "#2a2a2a"
          }
        },
        "scheme-2": {
          "settings": {
            "background": "#1a1a1a",
            "background_gradient": "",
            "text": "#f5f5f5",
            "text_secondary": "#a0a0a0",
            "primary": "#c9a961",
            "primary_contrast": "#0f0f0f",
            "border": "#2a2a2a"
          }
        },
        "scheme-3": {
          "settings": {
            "background": "#f5f5f5",
            "background_gradient": "",
            "text": "#0f0f0f",
            "text_secondary": "#5a5a5a",
            "primary": "#c9a961",
            "primary_contrast": "#0f0f0f",
            "border": "#d0d0d0"
          }
        }
      },
      "color_sale": "#c9a961",
      "type_body_font": "tenor_sans_n4",
      "type_header_font": "playfair_display_n4",
      "body_scale": 100,
      "heading_scale": 110,
      "page_width": 1400,
      "page_vertical_padding": 120,
      "button_radius": 0,
      "button_border_width": 1,
      "button_shadow": "none",
      "card_radius": 0,
      "card_border_width": 1,
      "card_shadow": "none",
      "input_radius": 0,
      "input_border_width": 1,
      "logo_width": 140,
      "cart_type": "drawer"
    },
    "Brutalist": {
      "color_schemes": {
        "scheme-1": {
          "settings": {
            "background": "#ffffff",
            "background_gradient": "",
            "text": "#000000",
            "text_secondary": "#666666",
            "primary": "#0000ff",
            "primary_contrast": "#ffffff",
            "border": "#000000"
          }
        },
        "scheme-2": {
          "settings": {
            "background": "#f0f0f0",
            "background_gradient": "",
            "text": "#000000",
            "text_secondary": "#666666",
            "primary": "#0000ff",
            "primary_contrast": "#ffffff",
            "border": "#000000"
          }
        },
        "scheme-3": {
          "settings": {
            "background": "#000000",
            "background_gradient": "linear-gradient(145deg, #000000 0%, #00001a 50%, #000000 100%)",
            "text": "#ffffff",
            "text_secondary": "#aaaaaa",
            "primary": "#ffff00",
            "primary_contrast": "#000000",
            "border": "#ffffff"
          }
        }
      },
      "color_sale": "#ff0000",
      "type_body_font": "ibm_plex_mono_n4",
      "type_header_font": "archivo_black_n4",
      "body_scale": 95,
      "heading_scale": 130,
      "page_width": 1400,
      "page_vertical_padding": 60,
      "button_radius": 0,
      "button_border_width": 3,
      "button_shadow": "hard",
      "card_radius": 0,
      "card_border_width": 3,
      "card_shadow": "none",
      "input_radius": 0,
      "input_border_width": 3,
      "logo_width": 160,
      "cart_type": "notification"
    },
    "Organic": {
      "color_schemes": {
        "scheme-1": {
          "settings": {
            "background": "#f7f4ef",
            "background_gradient": "",
            "text": "#2c3e2d",
            "text_secondary": "#5a6b5b",
            "primary": "#7c9a6e",
            "primary_contrast": "#ffffff",
            "border": "#d4cfc4"
          }
        },
        "scheme-2": {
          "settings": {
            "background": "#ebe6dd",
            "background_gradient": "",
            "text": "#2c3e2d",
            "text_secondary": "#5a6b5b",
            "primary": "#7c9a6e",
            "primary_contrast": "#ffffff",
            "border": "#d4cfc4"
          }
        },
        "scheme-3": {
          "settings": {
            "background": "#2c3e2d",
            "background_gradient": "linear-gradient(145deg, #2c3e2d 0%, #1f3020 50%, #2c3e2d 100%)",
            "text": "#f7f4ef",
            "text_secondary": "#b8c4b1",
            "primary": "#a8c99a",
            "primary_contrast": "#2c3e2d",
            "border": "#4a5e4b"
          }
        }
      },
      "color_sale": "#a85d32",
      "type_body_font": "source_sans_pro_n4",
      "type_header_font": "libre_baskerville_n4",
      "body_scale": 100,
      "heading_scale": 105,
      "page_width": 1200,
      "page_vertical_padding": 100,
      "button_radius": 8,
      "button_border_width": 1,
      "button_shadow": "sm",
      "card_radius": 12,
      "card_border_width": 0,
      "card_shadow": "md",
      "input_radius": 8,
      "input_border_width": 1,
      "logo_width": 120,
      "cart_type": "drawer"
    },
    "Tech": {
      "color_schemes": {
        "scheme-1": {
          "settings": {
            "background": "#0d1117",
            "background_gradient": "linear-gradient(145deg, #0d1117 0%, #0d1a1f 50%, #0d1117 100%)",
            "text": "#e6edf3",
            "text_secondary": "#8b949e",
            "primary": "#00d9ff",
            "primary_contrast": "#0d1117",
            "border": "#30363d"
          }
        },
        "scheme-2": {
          "settings": {
            "background": "#161b22",
            "background_gradient": "",
            "text": "#e6edf3",
            "text_secondary": "#8b949e",
            "primary": "#00d9ff",
            "primary_contrast": "#0d1117",
            "border": "#30363d"
          }
        },
        "scheme-3": {
          "settings": {
            "background": "#e6edf3",
            "background_gradient": "",
            "text": "#0d1117",
            "text_secondary": "#57606a",
            "primary": "#0066cc",
            "primary_contrast": "#ffffff",
            "border": "#d0d7de"
          }
        }
      },
      "color_sale": "#ff6b6b",
      "type_body_font": "roboto_mono_n4",
      "type_header_font": "space_grotesk_n6",
      "body_scale": 95,
      "heading_scale": 105,
      "page_width": 1320,
      "page_vertical_padding": 80,
      "button_radius": 4,
      "button_border_width": 1,
      "button_shadow": "none",
      "card_radius": 8,
      "card_border_width": 1,
      "card_shadow": "none",
      "input_radius": 4,
      "input_border_width": 1,
      "logo_width": 130,
      "cart_type": "drawer"
    }
  }
}
